p1,India,Cricket
p2,Brazil,Soccer
p3,Australia,Baseball
p4,India,Cricket
p5,England,Cricket
p6,Australia,Cricket
p7,India,Cricket
p8,England,Cricket
p9,India,Cricket
p10,India,Cricket
p11,India,Cricket
p12,India,Cricket
p13,Brazil,Soccer
p14,Australia,Baseball
p15,India,Cricket
p16,England,Cricket
p17,Australia,Cricket
p18,India,Cricket
p19,England,Cricket
p20,India,Cricket
p21,India,Cricket
p22,India,Cricket
p23,India,Cricket
p24,Brazil,Soccer
p25,Australia,Baseball
p26,India,Cricket
p27,England,Cricket
p28,Australia,Cricket
p29,India,Cricket
p30,England,Cricket
p31,India,Cricket
p32,India,Cricket
p33,India,Cricket
p34,India,Cricket
p35,Brazil,Soccer
p36,Australia,Baseball
p37,India,Cricket
p38,England,Cricket
p39,Australia,Cricket
p40,India,Cricket
p41,England,Cricket
p42,India,Cricket
p43,India,Cricket
p44,India,Cricket
p45,India,Cricket
p46,Brazil,Soccer
p47,Australia,Baseball
p48,India,Cricket
p49,England,Cricket
p50,Australia,Cricket
p51,India,Cricket
p52,England,Cricket
p53,India,Cricket
p54,India,Cricket
p55,India,Cricket
p56,India,Cricket
p57,Brazil,Soccer
p58,Australia,Baseball
p59,India,Cricket
p60,England,Cricket
p61,Australia,Cricket
p62,India,Cricket
p63,England,Cricket
p64,India,Cricket
p65,India,Cricket
p66,India,Cricket
p67,India,Cricket
p68,Brazil,Soccer
p69,Australia,Baseball
p70,India,Cricket
p71,England,Cricket
p72,Australia,Cricket
p73,India,Cricket
p74,England,Cricket
p75,India,Cricket
p76,India,Cricket
p77,India,Cricket
p78,India,Cricket
p79,Brazil,Soccer
p80,Australia,Baseball
p81,India,Cricket
p82,England,Cricket
p83,Australia,Cricket
p84,India,Cricket
p85,England,Cricket
p86,India,Cricket
p87,India,Cricket
p88,India,Cricket
p89,India,Cricket
p90,Brazil,Soccer
p91,Australia,Baseball
p92,India,Cricket
p93,England,Cricket
p94,Australia,Cricket
p95,India,Cricket
p96,England,Cricket
p97,India,Cricket
p98,India,Cricket
p99,India,Cricket
p100,India,Cricket
p101,Brazil,Soccer
p102,Australia,Baseball
p103,India,Cricket
p104,England,Cricket
p105,Australia,Cricket
p106,India,Cricket
p107,England,Cricket
p108,India,Cricket
p109,India,Cricket
p110,India,Cricket
p111,India,Cricket
p112,Brazil,Soccer
p113,Australia,Baseball
p114,India,Cricket
p115,England,Cricket
p116,Australia,Cricket
p117,India,Cricket
p118,England,Cricket
p119,India,Cricket
p120,India,Cricket
p121,India,Cricket
p122,India,Cricket
p123,Brazil,Soccer
p124,Australia,Baseball
p125,India,Cricket
p126,England,Cricket
p127,Australia,Cricket
p128,India,Cricket
p129,England,Cricket
p130,India,Cricket
p131,India,Cricket
p132,India,Cricket
p133,India,Cricket
p134,Brazil,Soccer
p135,Australia,Baseball
p136,India,Cricket
p137,England,Cricket
p138,Australia,Cricket
p139,India,Cricket
p140,England,Cricket
p141,India,Cricket
p142,India,Cricket
p143,India,Cricket
p144,India,Cricket
p145,Brazil,Soccer
p146,Australia,Baseball
p147,India,Cricket
p148,England,Cricket
p149,Australia,Cricket
p150,India,Cricket
p151,England,Cricket
p152,India,Cricket
p153,India,Cricket
p154,India,Cricket
p155,India,Cricket
p156,Brazil,Soccer
p157,Australia,Baseball
p158,India,Cricket
p159,England,Cricket
p160,Australia,Cricket
p161,India,Cricket
p162,England,Cricket
p163,India,Cricket
p164,India,Cricket
p165,India,Cricket
p166,India,Cricket
p167,Brazil,Soccer
p168,Australia,Baseball
p169,India,Cricket
p170,England,Cricket
p171,Australia,Cricket
p172,India,Cricket
p173,England,Cricket
p174,India,Cricket
p175,India,Cricket
p176,India,Cricket
p177,India,Cricket
p178,Brazil,Soccer
p179,Australia,Baseball
p180,India,Cricket
p181,England,Cricket
p182,Australia,Cricket
p183,India,Cricket
p184,England,Cricket
p185,India,Cricket
p186,India,Cricket
p187,India,Cricket
p188,India,Cricket
p189,Brazil,Soccer
p190,Australia,Baseball
p191,India,Cricket
p192,England,Cricket
p193,Australia,Cricket
p194,India,Cricket
p195,England,Cricket
p196,India,Cricket
p197,India,Cricket
p198,India,Cricket
p199,India,Cricket
p200,Brazil,Soccer
p201,Australia,Baseball
p202,India,Cricket
p203,England,Cricket
p204,Australia,Cricket
p205,India,Cricket
p206,England,Cricket
p207,India,Cricket
p208,India,Cricket
p209,India,Cricket
p210,India,Cricket
p211,Brazil,Soccer
p212,Australia,Baseball
p213,India,Cricket
p214,England,Cricket
p215,Australia,Cricket
p216,India,Cricket
p217,England,Cricket
p218,India,Cricket
p219,India,Cricket
p220,India,Cricket
p221,India,Cricket
p222,Brazil,Soccer
p223,Australia,Baseball
p224,India,Cricket
p225,England,Cricket
p226,Australia,Cricket
p227,India,Cricket
p228,England,Cricket
p229,India,Cricket
p230,India,Cricket
p231,India,Cricket
p232,India,Cricket
p233,Brazil,Soccer
p234,Australia,Baseball
p235,India,Cricket
p236,England,Cricket
p237,Australia,Cricket
p238,India,Cricket
p239,England,Cricket
p240,India,Cricket
p241,India,Cricket
p242,India,Cricket
p243,India,Cricket
p244,Brazil,Soccer
p245,Australia,Baseball
p246,India,Cricket
p247,England,Cricket
p248,Australia,Cricket
p249,India,Cricket
p250,England,Cricket
p251,India,Cricket
p252,India,Cricket
p253,India,Cricket
p254,India,Cricket
p255,Brazil,Soccer
p256,Australia,Baseball
p257,India,Cricket
p258,England,Cricket
p259,Australia,Cricket
p260,India,Cricket
p261,England,Cricket
p262,India,Cricket
p263,India,Cricket
p264,India,Cricket
p265,India,Cricket
p266,Brazil,Soccer
p267,Australia,Baseball
p268,India,Cricket
p269,England,Cricket
p270,Australia,Cricket
p271,India,Cricket
p272,England,Cricket
p273,India,Cricket
p274,India,Cricket
p275,India,Cricket
p276,India,Cricket
p277,Brazil,Soccer
p278,Australia,Baseball
p279,India,Cricket
p280,England,Cricket
p281,Australia,Cricket
p282,India,Cricket
p283,England,Cricket
p284,India,Cricket
p285,India,Cricket
p286,India,Cricket
p287,India,Cricket
p288,Brazil,Soccer
p289,Australia,Baseball
p290,India,Cricket
p291,England,Cricket
p292,Australia,Cricket
p293,India,Cricket
p294,England,Cricket
p295,India,Cricket
p296,India,Cricket
p297,India,Cricket
p298,India,Cricket
p299,Brazil,Soccer
p300,Australia,Baseball
p301,India,Cricket
p302,England,Cricket
p303,Australia,Cricket
p304,India,Cricket
p305,England,Cricket
p306,India,Cricket
p307,India,Cricket
p308,India,Cricket
p309,India,Cricket
p310,Brazil,Soccer
p311,Australia,Baseball
p312,India,Cricket
p313,England,Cricket
p314,Australia,Cricket
p315,India,Cricket
p316,England,Cricket
p317,India,Cricket
p318,India,Cricket
p319,India,Cricket
p320,India,Cricket
p321,Brazil,Soccer
p322,Australia,Baseball
p323,India,Cricket
p324,England,Cricket
p325,Australia,Cricket
p326,India,Cricket
p327,England,Cricket
p328,India,Cricket
p329,India,Cricket
p330,India,Cricket
p331,India,Cricket
p332,Brazil,Soccer
p333,Australia,Baseball
p334,India,Cricket
p335,England,Cricket
p336,Australia,Cricket
p337,India,Cricket
p338,England,Cricket
p339,India,Cricket
p340,India,Cricket
p341,India,Cricket
p342,India,Cricket
p343,Brazil,Soccer
p344,Australia,Baseball
p345,India,Cricket
p346,England,Cricket
p347,Australia,Cricket
p348,India,Cricket
p349,England,Cricket
p350,India,Cricket
p351,India,Cricket
p352,India,Cricket
p353,India,Cricket
p354,Brazil,Soccer
p355,Australia,Baseball
p356,India,Cricket
p357,England,Cricket
p358,Australia,Cricket
p359,India,Cricket
p360,England,Cricket
p361,India,Cricket
p362,India,Cricket
p363,India,Cricket
p364,India,Cricket
p365,Brazil,Soccer
p366,Australia,Baseball
p367,India,Cricket
p368,England,Cricket
p369,Australia,Cricket
p370,India,Cricket
p371,England,Cricket
p372,India,Cricket
p373,India,Cricket
p374,India,Cricket
p375,India,Cricket
p376,Brazil,Soccer
p377,Australia,Baseball
p378,India,Cricket
p379,England,Cricket
p380,Australia,Cricket
p381,India,Cricket
p382,England,Cricket
p383,India,Cricket
p384,India,Cricket
p385,India,Cricket
p386,India,Cricket
p387,Brazil,Soccer
p388,Australia,Baseball
p389,India,Cricket
p390,England,Cricket
p391,Australia,Cricket
p392,India,Cricket
p393,England,Cricket
p394,India,Cricket
p395,India,Cricket
p396,India,Cricket
p397,India,Cricket
p398,Brazil,Soccer
p399,Australia,Baseball
p400,India,Cricket
p401,England,Cricket
p402,Australia,Cricket
p403,India,Cricket
p404,England,Cricket
p405,India,Cricket
p406,India,Cricket
p407,India,Cricket
p408,India,Cricket
p409,Brazil,Soccer
p410,Australia,Baseball
p411,India,Cricket
p412,England,Cricket
p413,Australia,Cricket
p414,India,Cricket
p415,England,Cricket
p416,India,Cricket
p417,India,Cricket
p418,India,Cricket
p419,India,Cricket
p420,Brazil,Soccer
p421,Australia,Baseball
p422,India,Cricket
p423,England,Cricket
p424,Australia,Cricket
p425,India,Cricket
p426,England,Cricket
p427,India,Cricket
p428,India,Cricket
p429,India,Cricket
p430,India,Cricket
p431,Brazil,Soccer
p432,Australia,Baseball
p433,India,Cricket
p434,England,Cricket
p435,Australia,Cricket
p436,India,Cricket
p437,England,Cricket
p438,India,Cricket
p439,India,Cricket
p440,India,Cricket
p441,India,Cricket
p442,Brazil,Soccer
p443,Australia,Baseball
p444,India,Cricket
p445,England,Cricket
p446,Australia,Cricket
p447,India,Cricket
p448,England,Cricket
p449,India,Cricket
p450,India,Cricket
p451,India,Cricket
p452,India,Cricket
p453,Brazil,Soccer
p454,Australia,Baseball
p455,India,Cricket
p456,England,Cricket
p457,Australia,Cricket
p458,India,Cricket
p459,England,Cricket
p460,India,Cricket
p461,India,Cricket
p462,India,Cricket
p463,India,Cricket
p464,Brazil,Soccer
p465,Australia,Baseball
p466,India,Cricket
p467,England,Cricket
p468,Australia,Cricket
p469,India,Cricket
p470,England,Cricket
p471,India,Cricket
p472,India,Cricket
p473,India,Cricket
p474,India,Cricket
p475,Brazil,Soccer
p476,Australia,Baseball
p477,India,Cricket
p478,England,Cricket
p479,Australia,Cricket
p480,India,Cricket
p481,England,Cricket
p482,India,Cricket
p483,India,Cricket
p484,India,Cricket
p485,India,Cricket
p486,Brazil,Soccer
p487,Australia,Baseball
p488,India,Cricket
p489,England,Cricket
p490,Australia,Cricket
p491,India,Cricket
p492,England,Cricket
p493,India,Cricket
p494,India,Cricket
p495,India,Cricket
p496,India,Cricket
p497,Brazil,Soccer
p498,Australia,Baseball
p499,India,Cricket
p500,England,Cricket
p501,Australia,Cricket
p502,India,Cricket
p503,England,Cricket
p504,India,Cricket
p505,India,Cricket
p506,India,Cricket
p507,India,Cricket
p508,Brazil,Soccer
p509,Australia,Baseball
p510,India,Cricket
p511,England,Cricket
p512,Australia,Cricket
p513,India,Cricket
p514,England,Cricket
p515,India,Cricket
p516,India,Cricket
p517,India,Cricket
p518,India,Cricket
p519,Brazil,Soccer
p520,Australia,Baseball
p521,India,Cricket
p522,England,Cricket
p523,Australia,Cricket
p524,India,Cricket
p525,England,Cricket
p526,India,Cricket
p527,India,Cricket
p528,India,Cricket
p529,India,Cricket
p530,Brazil,Soccer
p531,Australia,Baseball
p532,India,Cricket
p533,England,Cricket
p534,Australia,Cricket
p535,India,Cricket
p536,England,Cricket
p537,India,Cricket
p538,India,Cricket
p539,India,Cricket
p540,India,Cricket
p541,Brazil,Soccer
p542,Australia,Baseball
p543,India,Cricket
p544,England,Cricket
p545,Australia,Cricket
p546,India,Cricket
p547,England,Cricket
p548,India,Cricket
p549,India,Cricket
p550,India,Cricket
p551,India,Cricket
p552,Brazil,Soccer
p553,Australia,Baseball
p554,India,Cricket
p555,England,Cricket
p556,Australia,Cricket
p557,India,Cricket
p558,England,Cricket
p559,India,Cricket
p560,India,Cricket
p561,India,Cricket
p562,India,Cricket
p563,Brazil,Soccer
p564,Australia,Baseball
p565,India,Cricket
p566,England,Cricket
p567,Australia,Cricket
p568,India,Cricket
p569,England,Cricket
p570,India,Cricket
p571,India,Cricket
p572,India,Cricket
p573,India,Cricket
p574,Brazil,Soccer
p575,Australia,Baseball
p576,India,Cricket
p577,England,Cricket
p578,Australia,Cricket
p579,India,Cricket
p580,England,Cricket
p581,India,Cricket
p582,India,Cricket
p583,India,Cricket
p584,India,Cricket
p585,Brazil,Soccer
p586,Australia,Baseball
p587,India,Cricket
p588,England,Cricket
p589,Australia,Cricket
p590,India,Cricket
p591,England,Cricket
p592,India,Cricket
p593,India,Cricket
p594,India,Cricket
p595,India,Cricket
p596,Brazil,Soccer
p597,Australia,Baseball
p598,India,Cricket
p599,England,Cricket
p600,Australia,Cricket
p601,India,Cricket
p602,England,Cricket
p603,India,Cricket
p604,India,Cricket
p605,India,Cricket
p606,India,Cricket
p607,Brazil,Soccer
p608,Australia,Baseball
p609,India,Cricket
p610,England,Cricket
p611,Australia,Cricket
p612,India,Cricket
p613,England,Cricket
p614,India,Cricket
p615,India,Cricket
p616,India,Cricket
p617,India,Cricket
p618,Brazil,Soccer
p619,Australia,Baseball
p620,India,Cricket
p621,England,Cricket
p622,Australia,Cricket
p623,India,Cricket
p624,England,Cricket
p625,India,Cricket
p626,India,Cricket
p627,India,Cricket
p628,India,Cricket
p629,Brazil,Soccer
p630,Australia,Baseball
p631,India,Cricket
p632,England,Cricket
p633,Australia,Cricket
p634,India,Cricket
p635,England,Cricket
p636,India,Cricket
p637,India,Cricket
p638,India,Cricket
p639,India,Cricket
p640,Brazil,Soccer
p641,Australia,Baseball
p642,India,Cricket
p643,England,Cricket
p644,Australia,Cricket
p645,India,Cricket
p646,England,Cricket
p647,India,Cricket
p648,India,Cricket
p649,India,Cricket
p650,India,Cricket
p651,Brazil,Soccer
p652,Australia,Baseball
p653,India,Cricket
p654,England,Cricket
p655,Australia,Cricket
p656,India,Cricket
p657,England,Cricket
p658,India,Cricket
p659,India,Cricket
p660,India,Cricket
p661,India,Cricket
p662,Brazil,Soccer
p663,Australia,Baseball
p664,India,Cricket
p665,England,Cricket
p666,Australia,Cricket
p667,India,Cricket
p668,England,Cricket
p669,India,Cricket
p670,India,Cricket
p671,India,Cricket
p672,India,Cricket
p673,Brazil,Soccer
p674,Australia,Baseball
p675,India,Cricket
p676,England,Cricket
p677,Australia,Cricket
p678,India,Cricket
p679,England,Cricket
p680,India,Cricket
p681,India,Cricket
p682,India,Cricket
p683,India,Cricket
p684,Brazil,Soccer
p685,Australia,Baseball
p686,India,Cricket
p687,England,Cricket
p688,Australia,Cricket
p689,India,Cricket
p690,England,Cricket
p691,India,Cricket
p692,India,Cricket
p693,India,Cricket
p694,India,Cricket
p695,Brazil,Soccer
p696,Australia,Baseball
p697,India,Cricket
p698,England,Cricket
p699,Australia,Cricket
p700,India,Cricket
p701,England,Cricket
p702,India,Cricket
p703,India,Cricket
p704,India,Cricket
p705,India,Cricket
p706,Brazil,Soccer
p707,Australia,Baseball
p708,India,Cricket
p709,England,Cricket
p710,Australia,Cricket
p711,India,Cricket
p712,England,Cricket
p713,India,Cricket
p714,India,Cricket
p715,India,Cricket
p716,India,Cricket
p717,Brazil,Soccer
p718,Australia,Baseball
p719,India,Cricket
p720,England,Cricket
p721,Australia,Cricket
p722,India,Cricket
p723,England,Cricket
p724,India,Cricket
p725,India,Cricket
p726,India,Cricket
p727,India,Cricket
p728,Brazil,Soccer
p729,Australia,Baseball
p730,India,Cricket
p731,England,Cricket
p732,Australia,Cricket
p733,India,Cricket
p734,England,Cricket
p735,India,Cricket
p736,India,Cricket
p737,India,Cricket
p738,India,Cricket
p739,Brazil,Soccer
p740,Australia,Baseball
p741,India,Cricket
p742,England,Cricket
p743,Australia,Cricket
p744,India,Cricket
p745,England,Cricket
p746,India,Cricket
p747,India,Cricket
p748,India,Cricket
p749,India,Cricket
p750,Brazil,Soccer
